[
    {
      "id": 100088,
      "backdrop_path": "/uDgy6hyPd82kOHh6I95FLtLnj6p.jpg",      
      "name": "The Last of Us",
      "origin_country": "US",
      "original_language": "en",
      "original_name": "The Last of Us",
      "overview": "Twenty years after modern civilization has been destroyed, Joel, a hardened survivor, is hired to smuggle Ellie, a 14-year-old girl, out of an oppressive quarantine zone. What starts as a small job soon becomes a brutal, heartbreaking journey, as they both must traverse the United States and depend on each other for survival.",
      "popularity": 2213.656,
      "poster_path": "https://image.tmdb.org/t/p/w500/uKvVjHNqB5VmOrdxqAt2F7J78ED.jpg",
      "vote_average": 8.8,
      "vote_count": 2960
    },
    {
      "id": 213713,
      "backdrop_path": "/t2rAdgjSh0WYbXzdOB5zTDqzdCI.jpg",      
      "name": "Faltu",
      "origin_country": "IN",
      "original_language": "hi",
      "original_name": "Faltu",
      "overview": "What\u0027s in a name? Amidst the arid landscape of Rajasthan, a young woman with dreamy eyes struggles to prove her worth.",
      "popularity": 1687.71,
      "poster_path": "https://image.tmdb.org/t/p/w500/lgyFuoXs7GvKJN0mNm7z7OMOFuZ.jpg",
      "vote_average": 5,
      "vote_count": 14
    },
    {
      "id": 215103,
      "backdrop_path": "/3n2TjKw3HrwDqgVgcynvantOfS3.jpg",      
      "name": "Teri Meri Doriyaann",
      "origin_country": "IN",
      "original_language": "hi",
      "original_name": "\u0924\u0947\u0930\u0940 \u092E\u0947\u0930\u0940 \u0921\u094B\u0930\u093F\u092F\u093E\u0901",
      "overview": "It\u2019s hate at first sight for Sahiba and Angad! But destined to be together, their lives get intertwined by a marriage alliance, and a love-hate story ensues.",
      "popularity": 1607.841,
      "poster_path": "https://image.tmdb.org/t/p/w500/4BHDmYiuSnNL3nqKIOzLJKYX4AN.jpg",
      "vote_average": 8,
      "vote_count": 2
    },
    {
      "id": 221443,
      "backdrop_path": null,      
      "name": "\u661F\u843D\u51DD\u7ED3\u6210\u7CD6",
      "origin_country": "CN",
      "original_language": "zh",
      "original_name": "\u661F\u843D\u51DD\u7ED3\u6210\u7CD6",
      "overview": "",
      "popularity": 908.441,
      "poster_path": "https://image.tmdb.org/t/p/w500/gT0LvxbLSacXtLy27WmxBMwZjos.jpg",
      "vote_average": 0,
      "vote_count": 0
    },
    {
      "id": 221053,
      "backdrop_path": "/nTB21wfQPX1IirpGXTmxr2VsWTC.jpg",      
      "name": "Zeit im Bild",
      "origin_country": "DE",
      "original_language": "de",
      "original_name": "Zeit im Bild",
      "overview": "",
      "popularity": 1473.537,
      "poster_path": "https://image.tmdb.org/t/p/w500/axK66NpM828m1vdBvsfYZaXadIp.jpg",
      "vote_average": 4,
      "vote_count": 4
    },
    {
      "id": 221056,
      "backdrop_path": "/iQ6ANV7F7I6Lc8rTLSEwDkOO37Q.jpg",      
      "name": "Tirol Heute",
      "origin_country": "DE",
      "original_language": "de",
      "original_name": "Tirol Heute",
      "overview": "",
      "popularity": 1459.342,
      "poster_path": null,
      "vote_average": 5,
      "vote_count": 1
    },
    {
      "id": 221708,
      "backdrop_path": "/c6saP6hA7lqKYmPvlzUNkYYSjuy.jpg",      
      "name": "\u5FC3\u60F3\u4E8B\u6210",
      "origin_country": "CN",
      "original_language": "zh",
      "original_name": "\u5FC3\u60F3\u4E8B\u6210",
      "overview": "",
      "popularity": 883.061,
      "poster_path": "https://image.tmdb.org/t/p/w500/c3kgnfVRI0EMwiHxmTHxXBzo6wR.jpg",
      "vote_average": 0,
      "vote_count": 0
    },
    {
      "id": 197109,
      "backdrop_path": null,      
      "name": "Yeh Rishta Kya Kehlata Hai",
      "origin_country": "IN",
      "original_language": "hi",
      "original_name": "\u092F\u0947 \u0930\u093F\u0936\u094D\u0924\u093E \u0915\u094D\u092F\u093E \u0915\u0939\u0932\u093E\u0924\u093E \u0939\u0948",
      "overview": "A personal tragedy creates a rift in Abhimanyu and Akshara\u0027s marital life. Years later, when destiny offers a second chance, will the duo embrace love?",
      "popularity": 1430.717,
      "poster_path": "https://image.tmdb.org/t/p/w500/6ZfiG4P7jivJV0wgcNMSiS2Owhh.jpg",
      "vote_average": 4.9,
      "vote_count": 16
    },
    {
      "id": 221249,
      "backdrop_path": "/w9uM2biYWGqwEpvIYs8CXRoAdVB.jpg",      
      "name": "O Tri\u00E2ngulo",
      "origin_country": "PT",
      "original_language": "pt",
      "original_name": "O Tri\u00E2ngulo",
      "overview": "A series of physical, intellectual, emotional or psychological tests will test anonymous competitors, 24/7. In the end, only one will be victorious. Everything can change... At any time... When you least expect it!",
      "popularity": 1458.443,
      "poster_path": "https://image.tmdb.org/t/p/w500/A2LE5B1IInR5h98OUNzyj9aQiIS.jpg",
      "vote_average": 0,
      "vote_count": 0
    },
    {
      "id": 113218,
      "backdrop_path": "/ymkFaEO0UdYXKIgcWZ23TlYIRD9.jpg",      
      "name": "Imlie",
      "origin_country": "IN",
      "original_language": "hi",
      "original_name": "\u0907\u092E\u0932\u0940",
      "overview": "All Imlie wanted was to create a name for herself in the city. But upon her arrival, she finds herself caught in the middle of Aditya and Malini\u0027s love story.",
      "popularity": 1283.07,
      "poster_path": "https://image.tmdb.org/t/p/w500/brajFHvqeitbp7ifevWpFpirS4S.jpg",
      "vote_average": 5.6,
      "vote_count": 9
    },
    {
      "id": 111453,
      "backdrop_path": "/4NcAz1QIqYnhe3u2pnVEVNwfTZf.jpg",      
      "name": "Ghum Hai Kisi Ke Pyaar Mein",
      "origin_country": "IN",
      "original_language": "hi",
      "original_name": "\u0918\u0941\u092E \u0939\u0948 \u0915\u093F\u0938\u093F\u0915\u0940 \u092A\u094D\u092F\u093E\u0930 \u092E\u0947\u0902",
      "overview": "Virat sacrifices his love to honour the promise he made to a dying man. Trapped between the past and the present, will he find love beyond the chains of duty?",
      "popularity": 1278.785,
      "poster_path": "https://image.tmdb.org/t/p/w500/uNjnoT3RChs2r7O9pDyx7TNBvIj.jpg",
      "vote_average": 6,
      "vote_count": 35
    },
    {
      "id": 82856,
      "backdrop_path": "/6Lw54zxm6BAEKJeGlabyzzR5Juu.jpg",      
      "name": "The Mandalorian",
      "origin_country": "US",
      "original_language": "en",
      "original_name": "The Mandalorian",
      "overview": "After the fall of the Galactic Empire, lawlessness has spread throughout the galaxy. A lone gunfighter makes his way through the outer reaches, earning his keep as a bounty hunter.",
      "popularity": 1138.317,
      "poster_path": "https://image.tmdb.org/t/p/w500/eU1i6eHXlzMOlEq0ku1Rzq7Y4wA.jpg",
      "vote_average": 8.5,
      "vote_count": 8659
    },
    {
      "id": 1416,
      "backdrop_path": "/caGVr9Il2gj8bN4ow6qsLm60TxM.jpg",      
      "name": "Grey\u0027s Anatomy",
      "origin_country": "US",
      "original_language": "en",
      "original_name": "Grey\u0027s Anatomy",
      "overview": "Follows the personal and professional lives of a group of doctors at Seattle\u2019s Grey Sloan Memorial Hospital.",
      "popularity": 1208.843,
      "poster_path": "https://image.tmdb.org/t/p/w500/daSFbrt8QCXV2hSwB0hqYjbj681.jpg",
      "vote_average": 8.3,
      "vote_count": 9002
    },
    {
      "id": 203057,
      "backdrop_path": "/iDUgitOS7GA1rRZCRL0JsCdyREf.jpg",      
      "name": "Melur Untuk Firdaus",
      "origin_country": "MY",
      "original_language": "ms",
      "original_name": "Melur Untuk Firdaus",
      "overview": "Melur Untuk Firdaus is a 2022 Malaysian television drama series directed by Zamri Zakaria with a script by Wan Mahani Wan Hasan. Starring Anna Jobling, Meerqeen, Nesa Idrus, Fimie Don and many others, this series is an adaptation of the novel My Rude Wife by Cik Nor Cinta and started airing on Slot Lestary, TV3 from 27 May 2022 until 15 July 2022 replacing Do You Love Me Captain.",
      "popularity": 1362.411,
      "poster_path": "https://image.tmdb.org/t/p/w500/rVxQxsY3bQWTabHUi2Qr3aoOafk.jpg",
      "vote_average": 6,
      "vote_count": 2
    },
    {
      "id": 219082,
      "backdrop_path": "/nk9lbQoM4QMaBarSJIQ6bl6FEwn.jpg",      
      "name": "Dear Ishq",
      "origin_country": "IN",
      "original_language": "hi",
      "original_name": "Dear Ishq",
      "overview": "Famous author Abhimanyu gets swept up in a cutthroat challenge with Asmita, for whom life is beyond paperback fiction. In the face of rivalry, will love bloom?",
      "popularity": 1324.323,
      "poster_path": "https://image.tmdb.org/t/p/w500/xnJNCnmwFNGqDHp5ATkrDCaOsxO.jpg",
      "vote_average": 8,
      "vote_count": 1
    },
    {
      "id": 195868,
      "backdrop_path": "/4nXqYVnUJImG0HOAQ2QIryknuMC.jpg",      
      "name": "Gotham Knights",
      "origin_country": "US",
      "original_language": "en",
      "original_name": "Gotham Knights",
      "overview": "In the aftermath of Bruce Wayne\u0027s murder, his rebellious adopted son forges an unlikely alliance with the children of Batman\u0027s enemies when they are all framed for killing the Caped Crusader.",
      "popularity": 1302.875,
      "poster_path": "https://image.tmdb.org/t/p/w500/tbCGmkR3TRDug4weDnHEGCu3WEC.jpg",
      "vote_average": 7.8,
      "vote_count": 21
    },
    {
      "id": 44953,
      "backdrop_path": "/iN9uULLaSx7h21tcR9io2dnARjw.jpg",      
      "name": "The Lord of the Skies",
      "origin_country": "MX",
      "original_language": "es",
      "original_name": "El se\u00F1or de los cielos",
      "overview": "Set in the 1990s, these are the life and times of Amado Carrillo Fuentes, a man who became the head of the Ju\u00E1rez cartel. Nicknamed \u201CEl Se\u00F1or de los Cielos\u201D (Lord of the Skies) because of the large fleet of airplanes he used to transport drugs, he was also known for washing more than $200 million through Colombia to finance his huge fleet. He is described as the most powerful drug trafficker of his time.",
      "popularity": 903.278,
      "poster_path": "https://image.tmdb.org/t/p/w500/Ag7VUdnrRz5Qpq3Yn3E5OCvFnu0.jpg",
      "vote_average": 7.9,
      "vote_count": 2486
    },
    {
      "id": 119051,
      "backdrop_path": "/iHSwvRVsRyxpX7FE7GbviaDvgGZ.jpg",      
      "name": "Wednesday",
      "origin_country": "US",
      "original_language": "en",
      "original_name": "Wednesday",
      "overview": "Wednesday Addams is sent to Nevermore Academy, a bizarre boarding school where she attempts to master her psychic powers, stop a monstrous killing spree of the town citizens, and solve the supernatural mystery that affected her family 25 years ago \u2014 all while navigating her new relationships.",
      "popularity": 720.197,
      "poster_path": "https://image.tmdb.org/t/p/w500/9PFonBhy4cQy7Jz20NpMygczOkv.jpg",
      "vote_average": 8.6,
      "vote_count": 6734
    },
    {
      "id": 37757,
      "backdrop_path": "/adiaXh7wX5nkaMi1J8ELs0FRbro.jpg",      
      "name": "MasterChef Greece",
      "origin_country": "GR",
      "original_language": "el",
      "original_name": "MasterChef Greece",
      "overview": "MasterChef Greece is a Greek competitive cooking game show. It\u0027s an adaptation of the British show MasterChef.",
      "popularity": 1146.452,
      "poster_path": "https://image.tmdb.org/t/p/w500/h0MR8xGqddeeJHgqDuW14jW25ov.jpg",
      "vote_average": 5.4,
      "vote_count": 5
    },
    {
      "id": 136598,
      "backdrop_path": null,      
      "name": "First Dates NL",
      "origin_country": "NL",
      "original_language": "nl",
      "original_name": "First Dates NL",
      "overview": "",
      "popularity": 1134.101,
      "poster_path": "https://image.tmdb.org/t/p/w500/48CLPsZ1HRFFSGfZx2SY7FHihyC.jpg",
      "vote_average": 5,
      "vote_count": 1
    },
    {
      "id": 209505,
      "backdrop_path": null,      
      "name": "Mavro Rodo",
      "origin_country": "GR",
      "original_language": "el",
      "original_name": "\u039C\u03B1\u03CD\u03C1\u03BF \u03A1\u03CC\u03B4\u03BF",
      "overview": "Indeed, in the new series of MEGA \u0022Black Rose\u0022 we will see several changes in the case, regarding the book. At the center of our story will be Sister Elizabeth, who has dedicated her life to God. As a child she had contracted meningitis and her parents sent her to Panagia, as a result, when the girl recovered, they urged her to follow the monastic life.After a big earthquake, the monastery shows cracks and huge damages. The abbess asks Sister Elisabeth, who is still a probationary nun, to go to her village outside Ioannina for a while until the damage is repaired.\n\nThere, Sister Elizabeth will attend the party organized by her step-sister and meet the young man who will steal her heart. He, completely in love with her, will chase her to the monastery. This love will put the nun in a dilemma: Should she follow her heart and fall in love or remain in the choice of monastic life?",
      "popularity": 1098.787,
      "poster_path": "https://image.tmdb.org/t/p/w500/5AnWY9onA6a8GJZuDLeeQohh2PG.jpg",
      "vote_average": 4.7,
      "vote_count": 3
    },
    {
      "id": 73586,
      "backdrop_path": "/2Erj4Oav9EHAtqLI354VM7ULDqu.jpg",      
      "name": "Yellowstone",
      "origin_country": "US",
      "original_language": "en",
      "original_name": "Yellowstone",
      "overview": "Follow the violent world of the Dutton family, who controls the largest contiguous ranch in the United States. Led by their patriarch John Dutton, the family defends their property against constant attack by land developers, an Indian reservation, and America\u2019s first National Park.",
      "popularity": 739.724,
      "poster_path": "https://image.tmdb.org/t/p/w500/peNC0eyc3TQJa6x4TdKcBPNP4t0.jpg",
      "vote_average": 8.1,
      "vote_count": 1516
    },
    {
      "id": 220992,
      "backdrop_path": "/3r6rV0tGI2BtVgqc4e65Gh4hVXO.jpg",      
      "name": "Impossible Love",
      "origin_country": "MX",
      "original_language": "es",
      "original_name": "El amor invencible",
      "overview": "After losing all her loved ones fifteen years ago and believing her babies were killed at the hands of the father of her first love, Leona Bravo (Angelique Boyer) embarks on a journey of justice against all those who hurt her. In this process, Leona discovers that her children are actually alive and is reunited with an old friend with whom she finds true love. As a result, she will be torn between her desire for justice and rebuilding her bond with her two children, as well as regaining her faith in love.",
      "popularity": 696.422,
      "poster_path": "https://image.tmdb.org/t/p/w500/5ea9hJqaImtakNpeet9DI2yhy4g.jpg",
      "vote_average": 6,
      "vote_count": 2
    },
    {
      "id": 60735,
      "backdrop_path": "/gFkHcIh7iE5G0oVOgpmY8ONQjhl.jpg",      
      "name": "The Flash",
      "origin_country": "US",
      "original_language": "en",
      "original_name": "The Flash",
      "overview": "After a particle accelerator causes a freak storm, CSI Investigator Barry Allen is struck by lightning and falls into a coma. Months later he awakens with the power of super speed, granting him the ability to move through Central City like an unseen guardian angel. Though initially excited by his newfound powers, Barry is shocked to discover he is not the only \u0022meta-human\u0022 who was created in the wake of the accelerator explosion -- and not everyone is using their new powers for good. Barry partners with S.T.A.R. Labs and dedicates his life to protect the innocent. For now, only a few close friends and associates know that Barry is literally the fastest man alive, but it won\u0027t be long before the world learns what Barry Allen has become...The Flash.",
      "popularity": 742.134,
      "poster_path": "https://image.tmdb.org/t/p/w500/rg8N7x27Ef6PvlIiioLStf9ZaIO.jpg",
      "vote_average": 7.8,
      "vote_count": 10306
    },
    {
      "id": 153312,
      "backdrop_path": "/mNHRGO1gFpR2CYZdANe72kcKq7G.jpg",      
      "name": "Tulsa King",
      "origin_country": "US",
      "original_language": "en",
      "original_name": "Tulsa King",
      "overview": "Just after he is released from prison after 25 years, New York mafia capo Dwight \u201CThe General\u201D Manfredi is unceremoniously exiled by his boss to set up shop in Tulsa, Okla. Realizing that his mob family may not have his best interests in mind, Dwight slowly builds a \u201Ccrew\u201D from a group of unlikely characters, to help him establish a new criminal empire in a place that to him might as well be another planet.",
      "popularity": 632.586,
      "poster_path": "https://image.tmdb.org/t/p/w500/fwTv3RPRAIy0maOMns5eYRRwnDk.jpg",
      "vote_average": 8.6,
      "vote_count": 1041
    },
    {
      "id": 63174,
      "backdrop_path": "/xZUZ9i6vVayjyhR1vRo9Bjku4h.jpg",      
      "name": "Lucifer",
      "origin_country": "US",
      "original_language": "en",
      "original_name": "Lucifer",
      "overview": "Bored and unhappy as the Lord of Hell, Lucifer Morningstar abandoned his throne and retired to Los Angeles, where he has teamed up with LAPD detective Chloe Decker to take down criminals.\u00A0But the longer he\u0027s away from the underworld, the greater the threat that the worst of humanity could escape.",
      "popularity": 689.333,
      "poster_path": "https://image.tmdb.org/t/p/w500/ekZobS8isE6mA53RAiGDG93hBxL.jpg",
      "vote_average": 8.5,
      "vote_count": 13316
    },
    {
      "id": 456,
      "backdrop_path": "/uNyEVSPeAtJgUBehuQJ8WEFwatN.jpg",      
      "name": "The Simpsons",
      "origin_country": "US",
      "original_language": "en",
      "original_name": "The Simpsons",
      "overview": "Set in Springfield, the average American town, the show focuses on the antics and everyday adventures of the Simpson family; Homer, Marge, Bart, Lisa and Maggie, as well as a virtual cast of thousands. Since the beginning, the series has been a pop culture icon, attracting hundreds of celebrities to guest star. The show has also made name for itself in its fearless satirical take on politics, media and American life in general.",
      "popularity": 655.511,
      "poster_path": "https://image.tmdb.org/t/p/w500/zI3E2a3WYma5w8emI35mgq5Iurx.jpg",
      "vote_average": 8,
      "vote_count": 8700
    },
    {
      "id": 1622,
      "backdrop_path": "/nVRyd8hlg0ZLxBn9RaI7mUMQLnz.jpg",      
      "name": "Supernatural",
      "origin_country": "US",
      "original_language": "en",
      "original_name": "Supernatural",
      "overview": "When they were boys, Sam and Dean Winchester lost their mother to a mysterious and demonic supernatural force. Subsequently, their father raised them to be soldiers. He taught them about the paranormal evil that lives in the dark corners and on the back roads of America ... and he taught them how to kill it. Now, the Winchester brothers crisscross the country in their \u002767 Chevy Impala, battling every kind of supernatural threat they encounter along the way. ",
      "popularity": 675.779,
      "poster_path": "https://image.tmdb.org/t/p/w500/KoYWXbnYuS3b0GyQPkbuexlVK9.jpg",
      "vote_average": 8.3,
      "vote_count": 6578
    },
    {
      "id": 213017,
      "backdrop_path": null,      
      "name": "Lo Zoo di 105",
      "origin_country": "IT",
      "original_language": "it",
      "original_name": "Lo Zoo di 105",
      "overview": "",
      "popularity": 910.414,
      "poster_path": "https://image.tmdb.org/t/p/w500/6KL71OV5wHQGk5KZMP3qp7Mj5HA.jpg",
      "vote_average": 3.7,
      "vote_count": 3
    },
    {
      "id": 2190,
      "backdrop_path": "/41neXsH222hV2zrsTyw8h7javon.jpg",      
      "name": "South Park",
      "origin_country": "US",
      "original_language": "en",
      "original_name": "South Park",
      "overview": "Follows the misadventures of four irreverent grade-schoolers in the quiet, dysfunctional town of South Park, Colorado.",
      "popularity": 638.913,
      "poster_path": "https://image.tmdb.org/t/p/w500/iiCY2QIGSnmtVkIdjkKAfwDs0KF.jpg",
      "vote_average": 8.3,
      "vote_count": 3491
    },
    {
      "id": 116416,
      "backdrop_path": "/ykbaElzavtSbsYG5KbG3pEpREtK.jpg",      
      "name": "Big Brother 7/7",
      "origin_country": "CA",
      "original_language": "fr",
      "original_name": "Big Brother 7/7",
      "overview": "",
      "popularity": 628.845,
      "poster_path": "https://image.tmdb.org/t/p/w500/iUYrQyv0p4UncFolsROm81VNbcB.jpg",
      "vote_average": 4.1,
      "vote_count": 10
    },
    {
      "id": 71712,
      "backdrop_path": "/xXRsKNJHTOGrs5wfYAxkbM2RiyT.jpg",      
      "name": "The Good Doctor",
      "origin_country": "US",
      "original_language": "en",
      "original_name": "The Good Doctor",
      "overview": "Shaun Murphy, a young surgeon with autism and savant syndrome, relocates from a quiet country life to join a prestigious hospital\u0027s surgical unit. Unable to personally connect with those around him, Shaun uses his extraordinary medical gifts to save lives and challenge the skepticism of his colleagues.",
      "popularity": 643.599,
      "poster_path": "https://image.tmdb.org/t/p/w500/luhKkdD80qe62fwop6sdrXK9jUT.jpg",
      "vote_average": 8.5,
      "vote_count": 11221
    },
    {
      "id": 1402,
      "backdrop_path": "/sMclUciz4ri4lmw7vdBZMdLIqry.jpg",      
      "name": "The Walking Dead",
      "origin_country": "US",
      "original_language": "en",
      "original_name": "The Walking Dead",
      "overview": "Sheriff\u0027s deputy Rick Grimes awakens from a coma to find a post-apocalyptic world dominated by flesh-eating zombies. He sets out to find his family and encounters many other survivors along the way.",
      "popularity": 632.417,
      "poster_path": "https://image.tmdb.org/t/p/w500/xf9wuDcqlUPWABZNeDKPbZUjWx0.jpg",
      "vote_average": 8.1,
      "vote_count": 14762
    },
    {
      "id": 202250,
      "backdrop_path": "/mAJ84W6I8I272Da87qplS2Dp9ST.jpg",      
      "name": "Dirty Linen",
      "origin_country": "PH",
      "original_language": "tl",
      "original_name": "Dirty Linen",
      "overview": "To exact vengeance, a young woman infiltrates the household of an influential family as a housemaid to expose their dirty secrets. However, love will get in the way of her revenge plot.",
      "popularity": 864.522,
      "poster_path": "https://image.tmdb.org/t/p/w500/ujlkQtHAVShWyWTloGU2Vh5Jbo9.jpg",
      "vote_average": 4.9,
      "vote_count": 8
    },
    {
      "id": 219432,
      "backdrop_path": "/n9yyd6tE8KUurPJxSmYVl8kwvX3.jpg",      
      "name": "No Traces",
      "origin_country": "ES",
      "original_language": "es",
      "original_name": "Sin huellas",
      "overview": "Desi and Cata find a body in the mansion they just finished cleaning. Horror. Panic. The police arrive. Wait a minute! Did a gypsy woman and a Mexican immigrant just clean up a crime scene? They\u2019re the perfect culprits. Now they have to escape from the police. And also from Russian hitmen, a family of millionaires and an ex-husband with a mariachi band. Let\u0027s see how they get out of this mess.",
      "popularity": 528.163,
      "poster_path": "https://image.tmdb.org/t/p/w500/3ntoxRFjM1Zs71WJGXqEDfolO4u.jpg",
      "vote_average": 6.1,
      "vote_count": 8
    },
    {
      "id": 97951,
      "backdrop_path": "/gQxaF79LUTtopdYHsuS8lUr9rvF.jpg",      
      "name": "Mayor of Kingstown",
      "origin_country": "US",
      "original_language": "en",
      "original_name": "Mayor of Kingstown",
      "overview": "In a small Michigan town where the business of incarceration is the only thriving industry, the McClusky family are the power brokers between the police, criminals, inmates, prison guards and politicians in a city completely dependent on prisons and the prisoners they contain.",
      "popularity": 591.204,
      "poster_path": "https://image.tmdb.org/t/p/w500/86OUOPulMiM8rjrQSt4KMev7UAa.jpg",
      "vote_average": 8.2,
      "vote_count": 146
    },
    {
      "id": 2734,
      "backdrop_path": "/9xxLWtnFxkpJ2h1uthpvCRK6vta.jpg",      
      "name": "Law \u0026 Order: Special Victims Unit",
      "origin_country": "US",
      "original_language": "en",
      "original_name": "Law \u0026 Order: Special Victims Unit",
      "overview": "In the criminal justice system, sexually-based offenses are considered especially heinous. In New York City, the dedicated detectives who investigate these vicious felonies are members of an elite squad known as the Special Victims Unit. These are their stories.",
      "popularity": 634.547,
      "poster_path": "https://image.tmdb.org/t/p/w500/ywBt4WKADdMVgxTR1rS2uFwMYTH.jpg",
      "vote_average": 8,
      "vote_count": 3234
    },
    {
      "id": 111551,
      "backdrop_path": "/1vgdmeW6keP47DQ1tGwfVCdUKqu.jpg",      
      "name": "Haireta mou ton Platano",
      "origin_country": "GR",
      "original_language": "el",
      "original_name": "\u03A7\u03B1\u03B9\u03C1\u03AD\u03C4\u03B1 \u03BC\u03BF\u03C5 \u03C4\u03BF\u03BD \u03A0\u03BB\u03AC\u03C4\u03B1\u03BD\u03BF",
      "overview": "The small Greek village of Platanos (Plane Tree) buries the elderly recluse Vangelas and notifies the deceased\u0027s estranged children and grandchildren about his death. Vangela\u0027s will leaves 3 million euros to his family, but requires them to move to the village and obey certain terms in order to inherit.",
      "popularity": 815.856,
      "poster_path": "https://image.tmdb.org/t/p/w500/vAu6or1W4G1q7wJxQfDmATtnIg.jpg",
      "vote_average": 6,
      "vote_count": 9
    },
    {
      "id": 1399,
      "backdrop_path": "/2OMB0ynKlyIenMJWI2Dy9IWT4c.jpg",      
      "name": "Game of Thrones",
      "origin_country": "US",
      "original_language": "en",
      "original_name": "Game of Thrones",
      "overview": "Seven noble families fight for control of the mythical land of Westeros. Friction between the houses leads to full-scale war. All while a very ancient evil awakens in the farthest north. Amidst the war, a neglected military order of misfits, the Night\u0027s Watch, is all that stands between the realms of men and icy horrors beyond.",
      "popularity": 570.266,
      "poster_path": "https://image.tmdb.org/t/p/w500/7WUHnWGx5OO145IRxPDUkQSh4C7.jpg",
      "vote_average": 8.4,
      "vote_count": 20811
    },
    {
      "id": 60625,
      "backdrop_path": "/uGy4DCmM33I7l86W7iCskNkvmLD.jpg",      
      "name": "Rick and Morty",
      "origin_country": "US",
      "original_language": "en",
      "original_name": "Rick and Morty",
      "overview": "Rick is a mentally-unbalanced but scientifically gifted old man who has recently reconnected with his family. He spends most of his time involving his young grandson Morty in dangerous, outlandish adventures throughout space and alternate universes. Compounded with Morty\u0027s already unstable family life, these events cause Morty much distress at home and school.",
      "popularity": 551.852,
      "poster_path": "https://image.tmdb.org/t/p/w500/cvhNj9eoRBe5SxjCbQTkh05UP5K.jpg",
      "vote_average": 8.7,
      "vote_count": 8037
    }
  ]